<?xml version="1.0" encoding="UTF-8"?>
<project-private xmlns="http://www.netbeans.org/ns/project-private/1">
    <editor-bookmarks xmlns="http://www.netbeans.org/ns/editor-bookmarks/1"/>
    <editor-bookmarks xmlns="http://www.netbeans.org/ns/editor-bookmarks/2" lastBookmarkId="0"/>
    <open-files xmlns="http://www.netbeans.org/ns/projectui-open-files/2">
        <group>
            <file>file:/D:/JAVAP/ganlion2018/web/util/insert.jsp</file>
            <file>file:/D:/JAVAP/ganlion2018/web/util/addCate.jsp</file>
            <file>file:/D:/JAVAP/ganlion2018/web/util/editCate.jsp</file>
            <file>file:/D:/JAVAP/ganlion2018/web/util/delete.jsp</file>
            <file>file:/D:/JAVAP/ganlion2018/web/util/list.jsp</file>
        </group>
    </open-files>
</project-private>
